{
    "initial": [-0.005630259495594618, 0.00480595892186746, 1.538880213756105],
    "grasp_poster": [2.340433185304631, 4.773521557823332, 2.2787398740007108],
    "place_poster": [-0.1706996162592952, 1.2588667204525088, -2.838672302295454],
    "grasp_bottle": [-0.9415244351453582, 3.0063899783542767, 1.6499979302691807],
    "place_bottle": [-0.1706996162592952, 1.2588667204525088, -2.838672302295454]
  }